Year,TeamName,Seed,Region
2003,Oklahoma,1,E
2003,Wake Forest,2,E
2003,Syracuse,3,E
2003,Louisville,4,E
2003,Mississippi State,5,E
2003,Oklahoma State,6,E
2003,Saint Joseph's,7,E
2003,California,8,E
2003,NC State,9,E
2003,Auburn,10,E
2003,Penn,11,E
2003,Butler,12,E
2003,Austin Peay,13,E
2003,Manhattan,14,E
2003,ETSU,15,E
2003,South Carolina State,16,E
2003,Kentucky,1,M
2003,Pitt,2,M
2003,Marquette,3,M
2003,Dayton,4,M
2003,Wisconsin,5,M
2003,Missouri,6,M
2003,Indiana,7,M
2003,Oregon,8,M
2003,Utah,9,M
2003,Alabama,10,M
2003,Southern Illinois,11,M
2003,Weber State,12,M
2003,Tulsa,13,M
2003,Holy Cross,14,M
2003,Wagner,15,M
2003,IU Indianapolis,16,M
2003,Texas,1,S
2003,Florida,2,S
2003,Xavier,3,S
2003,Stanford,4,S
2003,UConn,5,S
2003,Maryland,6,S
2003,Michigan State,7,S
2003,LSU,8,S
2003,Purdue,9,S
2003,Colorado,10,S
2003,UNC Wilmington,11,S
2003,BYU,12,S
2003,San Diego,13,S
2003,Troy,14,S
2003,Sam Houston,15,S
2003,UNC Asheville,16,S
2003,Arizona,1,W
2003,Kansas,2,W
2003,Duke,3,W
2003,Illinois,4,W
2003,Notre Dame,5,W
2003,Creighton,6,W
2003,Memphis,7,W
2003,Cincinnati,8,W
2003,Gonzaga,9,W
2003,Arizona State,10,W
2003,Central Michigan,11,W
2003,Milwaukee,12,W
2003,Western Kentucky,13,W
2003,Colorado State,14,W
2003,Utah State,15,W
2003,Vermont,16,W
2004,Duke,1,E
2004,Mississippi State,2,E
2004,Texas,3,E
2004,Cincinnati,4,E
2004,Illinois,5,E
2004,UNC,6,E
2004,Xavier,7,E
2004,Seton Hall,8,E
2004,Arizona,9,E
2004,Louisville,10,E
2004,Air Force,11,E
2004,Murray State,12,E
2004,ETSU,13,E
2004,Princeton,14,E
2004,Monmouth,15,E
2004,Alabama State,16,E
2004,Saint Joseph's,1,M
2004,Oklahoma State,2,M
2004,Pitt,3,M
2004,Wake Forest,4,M
2004,Florida,5,M
2004,Wisconsin,6,M
2004,Memphis,7,M
2004,Texas Tech,8,M
2004,Charlotte,9,M
2004,South Carolina,10,M
2004,Richmond,11,M
2004,Manhattan,12,M
2004,VCU,13,M
2004,UCF,14,M
2004,Eastern Washington,15,M
2004,Liberty,16,M
2004,Stanford,1,S
2004,UConn,2,S
2004,NC State,3,S
2004,Maryland,4,S
2004,Syracuse,5,S
2004,Vanderbilt,6,S
2004,DePaul,7,S
2004,Alabama,8,S
2004,Southern Illinois,9,S
2004,Dayton,10,S
2004,Western Michigan,11,S
2004,BYU,12,S
2004,UTEP,13,S
2004,Louisiana,14,S
2004,Vermont,15,S
2004,UTSA,16,S
2004,Kentucky,1,W
2004,Gonzaga,2,W
2004,Georgia Tech,3,W
2004,Kansas,4,W
2004,Providence,5,W
2004,Boston College,6,W
2004,Michigan State,7,W
2004,Washington,8,W
2004,UAB,9,W
2004,Nevada,10,W
2004,Utah,11,W
2004,Pacific,12,W
2004,UIC,13,W
2004,Northern Iowa,14,W
2004,Valparaiso,15,W
2004,Florida A&M,16,W
2005,Washington,1,E
2005,Wake Forest,2,E
2005,Gonzaga,3,E
2005,Louisville,4,E
2005,Georgia Tech,5,E
2005,Texas Tech,6,E
2005,West Virginia,7,E
2005,Pacific,8,E
2005,Pitt,9,E
2005,Creighton,10,E
2005,UCLA,11,E
2005,George Washington,12,E
2005,Louisiana,13,E
2005,Winthrop,14,E
2005,Chattanooga,15,E
2005,Montana,16,E
2005,Duke,1,M
2005,Kentucky,2,M
2005,Oklahoma,3,M
2005,Syracuse,4,M
2005,Michigan State,5,M
2005,Utah,6,M
2005,Cincinnati,7,M
2005,Stanford,8,M
2005,Mississippi State,9,M
2005,Iowa,10,M
2005,UTEP,11,M
2005,Old Dominion,12,M
2005,Vermont,13,M
2005,Niagara,14,M
2005,Eastern Kentucky,15,M
2005,Delaware State,16,M
2005,Illnois,1,S
2005,Oklahoma State,2,S
2005,Arizona,3,S
2005,Boston College,4,S
2005,Alabama,5,S
2005,LSU,6,S
2005,Southern Illinois,7,S
2005,Texas,8,S
2005,Nevada,9,S
2005,Saint Mary's,10,S
2005,UAB,11,S
2005,Milwaukee,12,S
2005,Penn,13,S
2005,Utah State,14,S
2005,Southeastern Louisiana,15,S
2005,FDU,16,S
2005,UNC,1,W
2005,UConn,2,W
2005,Kansas,3,W
2005,Florida,4,W
2005,Villanova,5,W
2005,Wisconsin,6,W
2005,Charlotte,7,W
2005,Minnesota,8,W
2005,Iowa State,9,W
2005,NC State,10,W
2005,Northern Iowa,11,W
2005,New Mexico,12,W
2005,Ohio,13,W
2005,Bucknell,14,W
2005,UCF,15,W
2005,Oakland,16,W
2006,Duke,1,E
2006,Texas,2,E
2006,Iowa,3,E
2006,LSU,4,E
2006,Syracuse,5,E
2006,West Virginia,6,E
2006,California,7,E
2006,George Washington,8,E
2006,UNC Wilmington,9,E
2006,NC State,10,E
2006,Southern Illinois,11,E
2006,Texas A&M,12,E
2006,Iona,13,E
2006,Northwestern State,14,E
2006,Penn,15,E
2006,Southern,16,E
2006,Villanova,1,M
2006,Ohio State,2,M
2006,Florida,3,M
2006,Boston College,4,M
2006,Nevada,5,M
2006,Oklahoma,6,M
2006,Georgetown,7,M
2006,Arizona,8,M
2006,Wisconsin,9,M
2006,Northern Iowa,10,M
2006,Milwaukee,11,M
2006,Montana,12,M
2006,Pacific,13,M
2006,South Alabama,14,M
2006,Davidson,15,M
2006,Monmouth,16,M
2006,Memphis,1,S
2006,UCLA,2,S
2006,Gonzaga,3,S
2006,Kansas,4,S
2006,Pitt,5,S
2006,Indiana,6,S
2006,Marquette,7,S
2006,Arkansas,8,S
2006,Bucknell,9,S
2006,Alabama,10,S
2006,San Diego State,11,S
2006,Kent State,12,S
2006,Bradley,13,S
2006,Xavier,14,S
2006,Belmont,15,S
2006,Oral Roberts,16,S
2006,UConn,1,W
2006,Tennessee,2,W
2006,UNC,3,W
2006,Illinois,4,W
2006,Washington,5,W
2006,Michigan State,6,W
2006,Wichita State,7,W
2006,Kentucky,8,W
2006,UAB,9,W
2006,Seton Hall,10,W
2006,George Mason,11,W
2006,Utah State,12,W
2006,Air Force,13,W
2006,Murray State,14,W
2006,Winthrop,15,W
2006,Albany (NY),16,W
2007,UNC,1,E
2007,Georgetown,2,E
2007,Washington State,3,E
2007,Texas,4,E
2007,USC,5,E
2007,Vanderbilt,6,E
2007,Boston College,7,E
2007,Marquette,8,E
2007,Michigan State,9,E
2007,Texas Tech,10,E
2007,George Washington,11,E
2007,Arkansas,12,E
2007,New Mexico State,13,E
2007,Oral Roberts,14,E
2007,Belmont,15,E
2007,Eastern Kentucky,16,E
2007,Florida,1,M
2007,Wisconsin,2,M
2007,Oregon,3,M
2007,Maryland,4,M
2007,Butler,5,M
2007,Notre Dame,6,M
2007,UNLV,7,M
2007,Arizona,8,M
2007,Purdue,9,M
2007,Georgia Tech,10,M
2007,Winthrop,11,M
2007,Old Dominion,12,M
2007,Davidson,13,M
2007,Miami (OH),14,M
2007,Texas A&M-Corpus Christi,15,M
2007,Jackson State,16,M
2007,Ohio State,1,S
2007,Memphis,2,S
2007,Texas A&M,3,S
2007,Virginia,4,S
2007,Tennessee,5,S
2007,Louisville,6,S
2007,Nevada,7,S
2007,BYU,8,S
2007,Xavier,9,S
2007,Creighton,10,S
2007,Stanford,11,S
2007,Long Beach State,12,S
2007,Albany (NY),13,S
2007,Penn,14,S
2007,North Texas,15,S
2007,Central Connecticut,16,S
2007,Kansas,1,W
2007,UCLA,2,W
2007,Pitt,3,W
2007,Southern Illinois,4,W
2007,Virginia Tech,5,W
2007,Duke,6,W
2007,Indiana,7,W
2007,Kentucky,8,W
2007,Villanova,9,W
2007,Gonzaga,10,W
2007,VCU,11,W
2007,Illinois,12,W
2007,Holy Cross,13,W
2007,Wright State,14,W
2007,Weber State,15,W
2007,Niagara,16,W
2008,UNC,1,E
2008,Tennessee,2,E
2008,Louisville,3,E
2008,Washington State,4,E
2008,Notre Dame,5,E
2008,Oklahoma,6,E
2008,Butler,7,E
2008,Indiana,8,E
2008,Arkansas,9,E
2008,South Alabama,10,E
2008,Saint Joseph's,11,E
2008,George Mason,12,E
2008,Winthrop,13,E
2008,Boise State,14,E
2008,American,15,E
2008,Mount St. Mary's,16,E
2008,Kansas,1,M
2008,Georgetown,2,M
2008,Wisconsin,3,M
2008,Vanderbilt,4,M
2008,Clemson,5,M
2008,USC,6,M
2008,Gonzaga,7,M
2008,UNLV,8,M
2008,Kent State,9,M
2008,Davidson,10,M
2008,Kansas State,11,M
2008,Villanova,12,M
2008,Siena,13,M
2008,Cal State Fullerton,14,M
2008,UMBC,15,M
2008,Portland State,16,M
2008,Memphis,1,S
2008,Texas,2,S
2008,Stanford,3,S
2008,Pitt,4,S
2008,Michigan State,5,S
2008,Marquette,6,S
2008,Miami,7,S
2008,Mississippi State,8,S
2008,Oregon,9,S
2008,Saint Mary's,10,S
2008,Kentucky,11,S
2008,Temple,12,S
2008,Oral Roberts,13,S
2008,Cornell,14,S
2008,Austin Peay,15,S
2008,UT Arlington,16,S
2008,UCLA,1,W
2008,Duke,2,W
2008,Xavier,3,W
2008,Uconn,4,W
2008,Drake,5,W
2008,Purdue,6,W
2008,West Virginia,7,W
2008,BYU,8,W
2008,Texas A&M,9,W
2008,Arizona,10,W
2008,Baylor,11,W
2008,Western Kentucky,12,W
2008,San Diego,13,W
2008,Georgia Tech,14,W
2008,Belmont,15,W
2008,Mississippi Valley State,16,W
2009,Pitt,1,E
2009,Duke,2,E
2009,Villanova,3,E
2009,Xavier,4,E
2009,Florida State,5,E
2009,UCLA,6,E
2009,Texas,7,E
2009,Oklahoma State,8,E
2009,Tennessee,9,E
2009,Minnesota,10,E
2009,VCU,11,E
2009,Wisconsin,12,E
2009,Portland State,13,E
2009,American,14,E
2009,Binghamton,15,E
2009,ETSU,16,E
2009,Louisville,1,M
2009,Michigan State,2,M
2009,Kansas,3,M
2009,Wake Forest,4,M
2009,Utah,5,M
2009,West Virginia,6,M
2009,Boston College,7,M
2009,Ohio State,8,M
2009,Siena,9,M
2009,USC,10,M
2009,Dayton,11,M
2009,Arizona,12,M
2009,Cleveland State,13,M
2009,North Dakota State,14,M
2009,Robert Morris,15,M
2009,Morehead State,16,M
2009,UNC,1,S
2009,Oklahoma,2,S
2009,Syracuse,3,S
2009,Gonzaga,4,S
2009,Illinois,5,S
2009,Arizona State,6,S
2009,Clemson,7,S
2009,LSU,8,S
2009,Butler,9,S
2009,Michigan,10,S
2009,Temple,11,S
2009,Western Kentucky,12,S
2009,Akron,13,S
2009,Stephen F. Austin,14,S
2009,Morgan State,15,S
2009,Radford,16,S
2009,UConn,1,W
2009,Memphis,2,W
2009,Missouri,3,W
2009,Washington,4,W
2009,Purdue,5,W
2009,Marquette,6,W
2009,California,7,W
2009,BYU,8,W
2009,Texas A&M,9,W
2009,Maryland,10,W
2009,Utah State,11,W
2009,Northern Iowa,12,W
2009,Mississippi State,13,W
2009,Cornell,14,W
2009,Cal State Northridge,15,W
2009,Chattanooga,16,W
2010,Kentucky,1,E
2010,West Virginia,2,E
2010,New Mexico,3,E
2010,Wisconsin,4,E
2010,Temple,5,E
2010,Marquette,6,E
2010,Clemson,7,E
2010,Texas,8,E
2010,Wake Forest,9,E
2010,Missouri,10,E
2010,Washington,11,E
2010,Cornell,12,E
2010,Wofford,13,E
2010,Montana,14,E
2010,Morgan State,15,E
2010,ETSU,16,E
2010,Kansas,1,M
2010,Ohio State,2,M
2010,Georgetown,3,M
2010,Maryland,4,M
2010,Michigan State,5,M
2010,Tennessee,6,M
2010,Oklahoma State,7,M
2010,UNLV,8,M
2010,Northern Iowa,9,M
2010,Georgia Tech,10,M
2010,San Diego State,11,M
2010,New Mexico State,12,M
2010,Houston,13,M
2010,Ohio,14,M
2010,UC Santa Barbara,15,M
2010,Lehigh,16,M
2010,Duke,1,S
2010,Villanova,2,S
2010,Baylor,3,S
2010,Purdue,4,S
2010,Texas A&M,5,S
2010,Notre Dame,6,S
2010,Richmond,7,S
2010,California,8,S
2010,Louisville,9,S
2010,Saint Mary's,10,S
2010,Old Dominion,11,S
2010,Utah State,12,S
2010,Siena,13,S
2010,Sam Houston,14,S
2010,Robert Morris,15,S
2010,Arkansas-Pine Bluff,16,S
2010,Syracuse,1,W
2010,Kansas State,2,W
2010,Pitt,3,W
2010,Vanderbilt,4,W
2010,Butler,5,W
2010,Xavier,6,W
2010,BYU,7,W
2010,Gonzaga,8,W
2010,Florida State,9,W
2010,Florida,10,W
2010,Minnesota,11,W
2010,UTEP,12,W
2010,Murray State,13,W
2010,Oakland,14,W
2010,North Texas,15,W
2010,Vermont,16,W
2011,Ohio State,1,E
2011,UNC,2,E
2011,Syracuse,3,E
2011,Kentucky,4,E
2011,West Virginia,5,E
2011,Xavier,6,E
2011,Washington,7,E
2011,George Mason,8,E
2011,Villanova,9,E
2011,Georgia,10,E
2011,Marquette,11,E
2011,Clemson,12,E
2011,Princeton,13,E
2011,Indiana State,14,E
2011,LIU,15,E
2011,UTSA,16,E
2011,Pitt,1,M
2011,Florida,2,M
2011,BYU,3,M
2011,Wisconsin,4,M
2011,Kansas State,5,M
2011,St. John's (NY),6,M
2011,UCLA,7,M
2011,Butler,8,M
2011,Old Dominion,9,M
2011,Michigan State,10,M
2011,Gonzaga,11,M
2011,Utah State,12,M
2011,Belmont,13,M
2011,Wofford,14,M
2011,UC Santa Barbara,15,M
2011,UNC Asheville,16,M
2011,Kansas,1,S
2011,Notre Dame,2,S
2011,Purdue,3,S
2011,Louisville,4,S
2011,Vanderbilt,5,S
2011,Georgetown,6,S
2011,Texas A&M,7,S
2011,UNLV,8,S
2011,Illinois,9,S
2011,Florida State,10,S
2011,VCU,11,S
2011,Richmond,12,S
2011,Morehead State,13,S
2011,Saint Peter's,14,S
2011,Akron,15,S
2011,Boston University,16,S
2011,Duke,1,W
2011,San Diego State,2,W
2011,UConn,3,W
2011,Texas,4,W
2011,Arizona,5,W
2011,Cincinnati,6,W
2011,Temple,7,W
2011,Michigan,8,W
2011,Tennessee,9,W
2011,Penn State,10,W
2011,Missouri,11,W
2011,Memphis,12,W
2011,Oakland,13,W
2011,Bucknell,14,W
2011,Northern Colorado,15,W
2011,Hampton,16,W
2012,Syracuse,1,E
2012,Ohio State,2,E
2012,Florida State,3,E
2012,Wisconsin,4,E
2012,Vanderbilt,5,E
2012,Cincinnati,6,E
2012,Gonzaga,7,E
2012,Kansas State,8,E
2012,Southern Miss,9,E
2012,West Virginia,10,E
2012,Texas,11,E
2012,Harvard,12,E
2012,Montana,13,E
2012,St. Bonaventure,14,E
2012,Loyola (MD),15,E
2012,UNC Asheville,16,E
2012,UNC,1,M
2012,Kansas,2,M
2012,Georgetown,3,M
2012,Michigan,4,M
2012,Temple,5,M
2012,San Diego State,6,M
2012,Saint Mary's,7,M
2012,Creighton,8,M
2012,Alabama,9,M
2012,Purdue,10,M
2012,NC State,11,M
2012,South Florida,12,M
2012,Ohio,13,M
2012,Belmont,14,M
2012,Detroit Mercy,15,M
2012,Vermont,16,M
2012,Kentucky,1,S
2012,Duke,2,S
2012,Baylor,3,S
2012,Indiana,4,S
2012,Wichita State,5,S
2012,UNLV,6,S
2012,Notre Dame,7,S
2012,Iowa State,8,S
2012,UConn,9,S
2012,Xavier,10,S
2012,Colorado,11,S
2012,VCU,12,S
2012,New Mexico State,13,S
2012,South Dakota State,14,S
2012,Lehigh,15,S
2012,Western Kentucky,16,S
2012,Michigan State,1,W
2012,Missouri,2,W
2012,Marquette,3,W
2012,Louisville,4,W
2012,New Mexico,5,W
2012,Murray State,6,W
2012,Florida,7,W
2012,Memphis,8,W
2012,Saint Louis,9,W
2012,Virginia,10,W
2012,Colorado State,11,W
2012,Long Beach State,12,W
2012,Davidson,13,W
2012,BYU,14,W
2012,Norfolk State,15,W
2012,LIU,16,W
2013,Indiana,1,E
2013,Miami,2,E
2013,Marquette,3,E
2013,Syracuse,4,E
2013,UNLV,5,E
2013,Butler,6,E
2013,Illinois,7,E
2013,NC State,8,E
2013,Temple,9,E
2013,Colorado,10,E
2013,Bucknell,11,E
2013,California,12,E
2013,Montana,13,E
2013,Davidson,14,E
2013,Pacific,15,E
2013,James Madison,16,E
2013,Louisville,1,M
2013,Duke,2,M
2013,Michigan State,3,M
2013,Saint Louis,4,M
2013,Oklahoma State,5,M
2013,Memphis,6,M
2013,Creighton,7,M
2013,Colorado State,8,M
2013,Missouri,9,M
2013,Cincinnati,10,M
2013,Saint Mary's,11,M
2013,Oregon,12,M
2013,New Mexico State,13,M
2013,Valparaiso,14,M
2013,Albany (NY),15,M
2013,North Carolina A&T,16,M
2013,Kansas,1,S
2013,Georgetown,2,S
2013,Florida,3,S
2013,Michigan,4,S
2013,VCU,5,S
2013,UCLA,6,S
2013,San Diego State,7,S
2013,UNC,8,S
2013,Villanova,9,S
2013,Oklahoma,10,S
2013,Minnesota,11,S
2013,Akron,12,S
2013,South Dakota State,13,S
2013,Northwestern State,14,S
2013,Florida Gulf Coast,15,S
2013,Western Kentucky,16,S
2013,Gonzaga,1,W
2013,Ohio State,2,W
2013,New Mexico,3,W
2013,Kansas State,4,W
2013,Wisconsin,5,W
2013,Arizona,6,W
2013,Notre Dame,7,W
2013,Pitt,8,W
2013,Wichita State,9,W
2013,Iowa State,10,W
2013,Belmont,11,W
2013,Ole Miss,12,W
2013,La Salle,13,W
2013,Harvard,14,W
2013,Iona,15,W
2013,Southern,16,W
2014,Virginia,1,E
2014,Villanova,2,E
2014,Iowa State,3,E
2014,Michigan State,4,E
2014,Cincinnati,5,E
2014,UNC,6,E
2014,Uconn,7,E
2014,Memphis,8,E
2014,George Washington,9,E
2014,Saint Joseph's,10,E
2014,Providence,11,E
2014,Harvard,12,E
2014,Delaware,13,E
2014,North Carolina Central,14,E
2014,Milwaukee,15,E
2014,Coastal Carolina,16,E
2014,Wichita State,1,M
2014,Michigan,2,M
2014,Duke,3,M
2014,Louisville,4,M
2014,Saint Louis,5,M
2014,UMass,6,M
2014,Texas,7,M
2014,Kentucky,8,M
2014,Kansas State,9,M
2014,Arizona State,10,M
2014,Tennessee,11,M
2014,NC State,12,M
2014,Manhattan,13,M
2014,Mercer,14,M
2014,Wofford,15,M
2014,Cal Poly,16,M
2014,Florida,1,S
2014,Kansas,2,S
2014,Syracuse,3,S
2014,UCLA,4,S
2014,VCU,5,S
2014,Ohio State,6,S
2014,New Mexico,7,S
2014,Colorado,8,S
2014,Pitt,9,S
2014,Stanford,10,S
2014,Dayton,11,S
2014,Stephen F. Austin,12,S
2014,Tulsa,13,S
2014,Western Michigan,14,S
2014,Eastern Kentucky,15,S
2014,Albany (NY),16,S
2014,Arizona,1,W
2014,Wisconsin,2,W
2014,Creighton,3,W
2014,San Diego State,4,W
2014,Oklahoma,5,W
2014,Baylor,6,W
2014,Oregon,7,W
2014,Gonzaga,8,W
2014,Oklahoma State,9,W
2014,BYU,10,W
2014,Nebraska,11,W
2014,North Dakota State,12,W
2014,New Mexico State,13,W
2014,Louisiana,14,W
2014,American,15,W
2014,Weber State,16,W
2015,Villanova,1,E
2015,Virginia,2,E
2015,Oklahoma,3,E
2015,Louisville,4,E
2015,Northern Iowa,5,E
2015,Providence,6,E
2015,Michigan State,7,E
2015,NC State,8,E
2015,LSU,9,E
2015,Georgia,10,E
2015,Dayton,11,E
2015,Wyoming,12,E
2015,UC Irvine,13,E
2015,Albany (NY),14,E
2015,Belmont,15,E
2015,Lafayette,16,E
2015,Kentucky,1,M
2015,Kansas,2,M
2015,Notre Dame,3,M
2015,Maryland,4,M
2015,West Virginia,5,M
2015,Butler,6,M
2015,Wichita State,7,M
2015,Cincinnati,8,M
2015,Purdue,9,M
2015,Indiana,10,M
2015,Texas,11,M
2015,Buffalo,12,M
2015,Valparaiso,13,M
2015,Northeastern,14,M
2015,New Mexico State,15,M
2015,Hampton,16,M
2015,Duke,1,S
2015,Gonzaga,2,S
2015,Iowa State,3,S
2015,Georgetown,4,S
2015,Utah,5,S
2015,SMU,6,S
2015,Iowa,7,S
2015,San Diego State,8,S
2015,St. John's (NY),9,S
2015,Davidson,10,S
2015,UCLA,11,S
2015,Stephen F. Austin,12,S
2015,Eastern Washington,13,S
2015,UAB,14,S
2015,North Dakota State,15,S
2015,Robert Morris,16,S
2015,Wisconsin,1,W
2015,Arizona,2,W
2015,Baylor,3,W
2015,UNC,4,W
2015,Arkansas,5,W
2015,Xavier,6,W
2015,VCU,7,W
2015,Oregon,8,W
2015,Oklahoma State,9,W
2015,Ohio State,10,W
2015,Ole Miss,11,W
2015,Wofford,12,W
2015,Harvard,13,W
2015,Georgia State,14,W
2015,Texas Southern,15,W
2015,Coastal Carolina,16,W
2016,UNC,1,E
2016,Xavier,2,E
2016,West Virginia,3,E
2016,Kentucky,4,E
2016,Indiana,5,E
2016,Notre Dame,6,E
2016,Wisconsin,7,E
2016,USC,8,E
2016,Providence,9,E
2016,Pitt,10,E
2016,Michigan,11,E
2016,Chattanooga,12,E
2016,Stony Brook,13,E
2016,Stephen F. Austin,14,E
2016,Weber State,15,E
2016,Florida Gulf Coast,16,E
2016,Virginia,1,M
2016,Michigan State,2,M
2016,Utah,3,M
2016,Iowa State,4,M
2016,Purdue,5,M
2016,Seton Hall,6,M
2016,Dayton,7,M
2016,Texas Tech,8,M
2016,Butler,9,M
2016,Syracuse,10,M
2016,Gonzaga,11,M
2016,Little Rock,12,M
2016,Iona,13,M
2016,Fresno State,14,M
2016,Middle Tennessee,15,M
2016,Hampton,16,M
2016,Kansas,1,S
2016,Villanova,2,S
2016,Miami,3,S
2016,California,4,S
2016,Maryland,5,S
2016,Arizona,6,S
2016,Iowa,7,S
2016,Colorado,8,S
2016,Uconn,9,S
2016,Temple,10,S
2016,Wichita State,11,S
2016,South Dakota State,12,S
2016,Hawaii,13,S
2016,Buffalo,14,S
2016,UNC Asheville,15,S
2016,Austin Peay,16,S
2016,Oregon,1,W
2016,Oklahoma,2,W
2016,Texas A&M,3,W
2016,Duke,4,W
2016,Baylor,5,W
2016,Texas,6,W
2016,Oregon State,7,W
2016,Saint Joseph's,8,W
2016,Cincinnati,9,W
2016,VCU,10,W
2016,Northern Iowa,11,W
2016,Yale,12,W
2016,UNC Wilmington,13,W
2016,Green Bay,14,W
2016,Cal State Bakersfield,15,W
2016,Holy Cross,16,W
2017,Villanova,1,E
2017,Duke,2,E
2017,Baylor,3,E
2017,Florida,4,E
2017,Virginia,5,E
2017,SMU,6,E
2017,South Carolina,7,E
2017,Wisconsin,8,E
2017,Virginia Tech,9,E
2017,Marquette,10,E
2017,USC,11,E
2017,UNC Wilmington,12,E
2017,ETSU,13,E
2017,New Mexico State,14,E
2017,Troy,15,E
2017,Mount St. Mary's,16,E
2017,Kansas,1,M
2017,Louisville,2,M
2017,Oregon,3,M
2017,Purdue,4,M
2017,Iowa State,5,M
2017,Creighton,6,M
2017,Michigan,7,M
2017,Miami,8,M
2017,Michigan State,9,M
2017,Oklahoma State,10,M
2017,Rhode Island,11,M
2017,Nevada,12,M
2017,Vermont,13,M
2017,Iona,14,M
2017,Jacksonville State,15,M
2017,UC Davis,16,M
2017,UNC,1,S
2017,Kentucky,2,S
2017,UCLA,3,S
2017,Butler,4,S
2017,Minnesota,5,S
2017,Cincinnati,6,S
2017,Dayton,7,S
2017,Arkansas,8,S
2017,Seton Hall,9,S
2017,Wichita State,10,S
2017,Kansas State,11,S
2017,Middle Tennessee,12,S
2017,Winthrop,13,S
2017,Kent State,14,S
2017,Northern Kentucky,15,S
2017,Texas Southern,16,S
2017,Gonzaga,1,W
2017,Arizona,2,W
2017,Florida State,3,W
2017,West Virginia,4,W
2017,Notre Dame,5,W
2017,Maryland,6,W
2017,Saint Mary's,7,W
2017,Northwestern,8,W
2017,Vanderbilt,9,W
2017,VCU,10,W
2017,Xavier,11,W
2017,Princeton,12,W
2017,Bucknell,13,W
2017,Florida Gulf Coast,14,W
2017,North Dakota,15,W
2017,South Dakota State,16,W
2018,Villanova,1,E
2018,Purdue,2,E
2018,Texas Tech,3,E
2018,Wichita State,4,E
2018,West Virginia,5,E
2018,Florida,6,E
2018,Arkansas,7,E
2018,Virginia Tech,8,E
2018,Alabama,9,E
2018,Butler,10,E
2018,St. Bonaventure,11,E
2018,Murray State,12,E
2018,Marshall,13,E
2018,Stephen F. Austin,14,E
2018,Cal State Fullerton,15,E
2018,Radford,16,E
2018,Kansas,1,M
2018,Duke,2,M
2018,Michigan State,3,M
2018,Auburn,4,M
2018,Clemson,5,M
2018,TCU,6,M
2018,Rhode Island,7,M
2018,Seton Hall,8,M
2018,NC State,9,M
2018,Oklahoma,10,M
2018,Syracuse,11,M
2018,New Mexico State,12,M
2018,College of Charleston,13,M
2018,Bucknell,14,M
2018,Iona,15,M
2018,Penn,16,M
2018,Virginia,1,S
2018,Cincinnati,2,S
2018,Tennessee,3,S
2018,Arizona,4,S
2018,Kentucky,5,S
2018,Miami,6,S
2018,Nevada,7,S
2018,Creighton,8,S
2018,Kansas State,9,S
2018,Texas,10,S
2018,Loyola (IL),11,S
2018,Davidson,12,S
2018,Buffalo,13,S
2018,Wright State,14,S
2018,Georgia State,15,S
2018,UMBC,16,S
2018,Xavier,1,W
2018,UNC,2,W
2018,Michigan,3,W
2018,Gonzaga,4,W
2018,Ohio State,5,W
2018,Houston,6,W
2018,Texas A&M,7,W
2018,Missouri,8,W
2018,Florida State,9,W
2018,Providence,10,W
2018,San Diego State,11,W
2018,South Dakota State,12,W
2018,UNC Greensboro,13,W
2018,Montana,14,W
2018,Lipscomb,15,W
2018,Texas Southern,16,W
2019,Duke,1,E
2019,Michigan State,2,E
2019,LSU,3,E
2019,Virginia Tech,4,E
2019,Mississippi State,5,E
2019,Maryland,6,E
2019,Louisville,7,E
2019,VCU,8,E
2019,UCF,9,E
2019,Minnesota,10,E
2019,Belmont,11,E
2019,Liberty,12,E
2019,Saint Louis,13,E
2019,Yale,14,E
2019,Bradley,15,E
2019,North Dakota State,16,E
2019,UNC,1,M
2019,Kentucky,2,M
2019,Houston,3,M
2019,Kansas,4,M
2019,Auburn,5,M
2019,Iowa State,6,M
2019,Wofford,7,M
2019,Utah State,8,M
2019,Washington,9,M
2019,Seton Hall,10,M
2019,Ohio State,11,M
2019,New Mexico State,12,M
2019,Northeastern,13,M
2019,Georgia State,14,M
2019,Abilene Christian,15,M
2019,Iona,16,M
2019,Virginia,1,S
2019,Tennessee,2,S
2019,Purdue,3,S
2019,Kansas State,4,S
2019,Wisconsin,5,S
2019,Villanova,6,S
2019,Cincinnati,7,S
2019,Ole Miss,8,S
2019,Oklahoma,9,S
2019,Iowa,10,S
2019,Saint Mary's,11,S
2019,Oregon,12,S
2019,UC Irvine,13,S
2019,Old Dominion,14,S
2019,Colgate,15,S
2019,Gardner-Webb,16,S
2019,Gonzaga,1,W
2019,Michigan,2,W
2019,Texas Tech,3,W
2019,Florida State,4,W
2019,Marquette,5,W
2019,Buffalo,6,W
2019,Nevada,7,W
2019,Syracuse,8,W
2019,Baylor,9,W
2019,Florida,10,W
2019,Arizona State,11,W
2019,Murray State,12,W
2019,Vermont,13,W
2019,Northern Kentucky,14,W
2019,Montana,15,W
2019,FDU,16,W
2021,Michigan,1,E
2021,Alabama,2,E
2021,Texas,3,E
2021,Florida State,4,E
2021,Colorado,5,E
2021,BYU,6,E
2021,Uconn,7,E
2021,LSU,8,E
2021,St. Bonaventure,9,E
2021,Maryland,10,E
2021,UCLA,11,E
2021,Georgetown,12,E
2021,UNC Greensboro,13,E
2021,Abilene Christian,14,E
2021,Iona,15,E
2021,Texas Southern,16,E
2021,Illinois,1,M
2021,Houston,2,M
2021,West Virginia,3,M
2021,Oklahoma State,4,M
2021,Tennessee,5,M
2021,San Diego State,6,M
2021,Clemson,7,M
2021,Loyola (IL),8,M
2021,Georgia Tech,9,M
2021,Rutgers,10,M
2021,Syracuse,11,M
2021,Oregon State,12,M
2021,Liberty,13,M
2021,Morehead State,14,M
2021,Cleveland State,15,M
2021,Drexel,16,M
2021,Baylor,1,S
2021,Ohio State,2,S
2021,Arkansas,3,S
2021,Purdue,4,S
2021,Villanova,5,S
2021,Texas Tech,6,S
2021,Florida,7,S
2021,UNC,8,S
2021,Wisconsin,9,S
2021,Virginia Tech,10,S
2021,Utah State,11,S
2021,Winthrop,12,S
2021,North Texas,13,S
2021,Colgate,14,S
2021,Oral Roberts,15,S
2021,Hartford,16,S
2021,Gonzaga,1,W
2021,Iowa,2,W
2021,Kansas,3,W
2021,Virginia,4,W
2021,Creighton,5,W
2021,USC,6,W
2021,Oregon,7,W
2021,Oklahoma,8,W
2021,Missouri,9,W
2021,VCU,10,W
2021,Drake,11,W
2021,UC Santa Barbara,12,W
2021,Ohio,13,W
2021,Eastern Washington,14,W
2021,Grand Canyon,15,W
2021,Norfolk State,16,W
2022,Baylor,1,E
2022,Kentucky,2,E
2022,Purdue,3,E
2022,UCLA,4,E
2022,Saint Mary's,5,E
2022,Texas,6,E
2022,Murray State,7,E
2022,UNC,8,E
2022,Marquette,9,E
2022,San Francisco,10,E
2022,Virginia Tech,11,E
2022,Indiana,12,E
2022,Akron,13,E
2022,Yale,14,E
2022,Saint Peter's,15,E
2022,Norfolk State,16,E
2022,Kansas,1,M
2022,Auburn,2,M
2022,Wisconsin,3,M
2022,Providence,4,M
2022,Iowa,5,M
2022,LSU,6,M
2022,USC,7,M
2022,San Diego State,8,M
2022,Creighton,9,M
2022,Miami,10,M
2022,Iowa State,11,M
2022,Richmond,12,M
2022,South Dakota State,13,M
2022,Colgate,14,M
2022,Jacksonville State,15,M
2022,Texas Southern,16,M
2022,Arizona State,1,S
2022,Villanova,2,S
2022,Tennessee,3,S
2022,Illinois,4,S
2022,Houston,5,S
2022,Colorado State,6,S
2022,Ohio State,7,S
2022,Seton Hall,8,S
2022,TCU,9,S
2022,Loyola (IL),10,S
2022,Michigan,11,S
2022,UAB,12,S
2022,Chattanooga,13,S
2022,Longwood,14,S
2022,Delaware,15,S
2022,Wright State,16,S
2022,Gonzaga,1,W
2022,Duke,2,W
2022,Texas Tech,3,W
2022,Arkansas,4,W
2022,Uconn,5,W
2022,Alabama,6,W
2022,Michigan State,7,W
2022,Boise State,8,W
2022,Memphis,9,W
2022,Davidson,10,W
2022,Notre Dam,11,W
2022,New Mexico State,12,W
2022,Vermont,13,W
2022,Montana State,14,W
2022,Cal State Fullerton,15,W
2022,Georgia State,16,W
2023,Purdue,1,E
2023,Marquette,2,E
2023,Kansas State,3,E
2023,Tennessee,4,E
2023,Duke,5,E
2023,Kentucky,6,E
2023,Michigan State,7,E
2023,Memphis,8,E
2023,Florida Atlantic,9,E
2023,USC,10,E
2023,Providence,11,E
2023,Oral Roberts,12,E
2023,Louisiana,13,E
2023,Montana State,14,E
2023,Vermont,15,E
2023,FDU,16,E
2023,Houston,1,M
2023,Texas,2,M
2023,Xavier,3,M
2023,Indiana,4,M
2023,Miami,5,M
2023,Iowa State,6,M
2023,Texas A&M,7,M
2023,Iowa,8,M
2023,Auburn,9,M
2023,Penn State,10,M
2023,Pitt,11,M
2023,Drake,12,M
2023,Kent State,13,M
2023,Kennesaw State,14,M
2023,Colgate,15,M
2023,Northern Kentucky,16,M
2023,Alabama,1,S
2023,Arizona,2,S
2023,Baylor,3,S
2023,Virginia,4,S
2023,San Diego State,5,S
2023,Creighton,6,S
2023,Missouri,7,S
2023,Maryland,8,S
2023,West Virginia,9,S
2023,Utah State,10,S
2023,NC State,11,S
2023,College of Charleston,12,S
2023,Furman,13,S
2023,UC Santa Barbara,14,S
2023,Princeton,15,S
2023,Texas A&M-Corpus Christi,16,S
2023,Kansas,1,W
2023,UCLA,2,W
2023,Gonzaga,3,W
2023,UConn,4,W
2023,Saint Mary's,5,W
2023,TCU,6,W
2023,Northwestern,7,W
2023,Arkansas,8,W
2023,Illinois,9,W
2023,Boise State,10,W
2023,Arizona State,11,W
2023,VCU,12,W
2023,Iona,13,W
2023,Grand Canyon,14,W
2023,UNC Asheville,15,W
2023,Howard,16,W
2024,UConn,1,E
2024,Iowa State,2,E
2024,Illinois,3,E
2024,Auburn,4,E
2024,San Diego State,5,E
2024,BYU,6,E
2024,Washington State,7,E
2024,Florida Atlantic,8,E
2024,Northwestern,9,E
2024,Drake,10,E
2024,Duquesne,11,E
2024,UAB,12,E
2024,Yale,13,E
2024,Morehead State,14,E
2024,South Dakota State,15,E
2024,Stetson,16,E
2024,Purdue,1,M
2024,Tennessee,2,M
2024,Creighton,3,M
2024,Kansas,4,M
2024,Gonzaga,5,M
2024,South Carolina,6,M
2024,Texas,7,M
2024,Utah State,8,M
2024,TCU,9,M
2024,Colorado State,10,M
2024,Oregon,11,M
2024,McNeese,12,M
2024,Samford,13,M
2024,Akron,14,M
2024,Saint Peter's,15,M
2024,Grambling,16,M
2024,Houston,1,S
2024,Marquette,2,S
2024,Kentucky,3,S
2024,Duke,4,S
2024,Wisconsin,5,S
2024,Texas Tech,6,S
2024,Florida,7,S
2024,Nebraska,8,S
2024,Texas A&M,9,S
2024,Colorado,10,S
2024,NC State,11,S
2024,James Madison,12,S
2024,Vermont,13,S
2024,Oakland,14,S
2024,Western Kentucky,15,S
2024,Longwood,16,S
2024,UNC Asheville,1,W
2024,Arizona,2,W
2024,Baylor,3,W
2024,Alabama,4,W
2024,Saint Mary's,5,W
2024,Clemson,6,W
2024,Dayton,7,W
2024,Mississippi State,8,W
2024,Michigan State,9,W
2024,Nevada,10,W
2024,New Mexico,11,W
2024,Grand Canyon,12,W
2024,College of Charleston,13,W
2024,Colgate,14,W
2024,Long Beach State,15,W
2024,Wagner,16,W
2025,Duke,1,E
2025,Alabama,2,E
2025,Wisconsin,3,E
2025,Arizona,4,E
2025,Oregon,5,E
2025,BYU,6,E
2025,Saint Mary's,7,E
2025,Mississippi State,8,E
2025,Baylor,9,E
2025,Vanderbilt,10,E
2025,VCU,11,E
2025,Liberty,12,E
2025,Akron,13,E
2025,Montana,14,E
2025,Robert Morris,15,E
2025,Mount St. Mary's,16,E
2025,houston,1,M
2025,Tennessee,2,M
2025,Kentucky,3,M
2025,Purdue,4,M
2025,Clemson,5,M
2025,Illinois,6,M
2025,UCLA,7,M
2025,Gonzaga,8,M
2025,Georgia,9,M
2025,Utah State,10,M
2025,Xavier,11,M
2025,McNeese,12,M
2025,High Point,13,M
2025,Troy,14,M
2025,Wofford,15,M
2025,SIU Edwardsville,16,M
2025,Auburn,1,S
2025,Michigan State,2,S
2025,Iowa State,3,S
2025,Texas A&M,4,S
2025,Michigan,5,S
2025,Ole Miss,6,S
2025,Marquette,7,S
2025,Louisville,8,S
2025,Creighton,9,S
2025,New Mexico,10,S
2025,UNC,11,S
2025,UC San Diego,12,S
2025,Yale,13,S
2025,Lipscomb,14,S
2025,Bryant,15,S
2025,Alabama State,16,S
2025,Florida,1,W
2025,St. John's (NY),2,W
2025,Texas Tech,3,W
2025,Maryland,4,W
2025,Memphis,5,W
2025,Missouri,6,W
2025,Kansas,7,W
2025,Uconn,8,W
2025,Oklahoma,9,W
2025,Arkansas,10,W
2025,Drake,11,W
2025,Colorado State,12,W
2025,Grand Canyon,13,W
2025,UNC Wilmington,14,W
2025,Omaha,15,W
2025,Norfolk State,16,W
2026,Duke,1,E
2026,UConn,2,E
2026,Michigan State,3,E
2026,Kansas,4,E
2026,St. John's (NY),5,E
2026,Louisville,6,E
2026,UCLA,7,E
2026,Ohio State,8,E
2026,TCU,9,E
2026,UCF,10,E
2026,South Florida,11,E
2026,Northern Iowa,12,E
2026,California Baptist,13,E
2026,North Dakota State,14,E
2026,Furman,15,E
2026,Siena,16,E
2026,Michigan,1,M
2026,Iowa State,2,M
2026,Virginia,3,M
2026,Alabama,4,M
2026,Texas Tech,5,M
2026,Tennessee,6,M
2026,Kentucky,7,M
2026,Georgia,8,M
2026,Saint Louis,9,M
2026,Santa Clara,10,M
2026,Miami (OH),11,M
2026,Akron,12,M
2026,Hofstra,13,M
2026,Wright State,14,M
2026,Tennessee State,15,M
2026,Howard,16,M
2026,Florida,1,S
2026,Houston,2,S
2026,Illinois,3,S
2026,Nebraska,4,S
2026,Vanderbilt,5,S
2026,UNC,6,S
2026,Saint Mary's,7,S
2026,Clemson,8,S
2026,Iowa,9,S
2026,Texas A&M,10,S
2026,VCU,11,S
2026,McNeese,12,S
2026,Troy,13,S
2026,Penn,14,S
2026,Idaho,15,S
2026,Prairie View A&M,16,S
2026,Arizona,1,W
2026,Purdue,2,W
2026,Gonzaga,3,W
2026,Arkansas,4,W
2026,Wisconsin,5,W
2026,BYU,6,W
2026,Miami,7,W
2026,Villanova,8,W
2026,Utah State,9,W
2026,Missouri,10,W
2026,Texas,11,W
2026,High Point,12,W
2026,Hawaii,13,W
2026,Kennesaw State,14,W
2026,Queens (NC),15,W
2026,LIU,16,W